reading_id,machine_id,temperature,vibration,rpm,voltage,current,healthScore,alert_flag,recorded_at
RDG-1000,MCH-103,57.71391417245457,2.974061292609019,1140,412.64179750946954,15.666580004688985,95,NORMAL,2026-07-22T23:36:10.770Z
RDG-1001,MCH-103,45.32403253652767,1.1810764359094272,1014,419.06601838175243,11.392279293059982,95,NORMAL,2026-07-20T00:23:10.342Z
RDG-1002,MCH-102,42.973725889113446,1.904928768485652,1370,404.6556500006622,16.236933239124895,95,NORMAL,2026-07-21T21:21:08.587Z
RDG-1003,MCH-101,41.28827102758859,2.642113512232286,1552,412.517422262602,15.471632883310274,95,NORMAL,2026-07-23T17:12:20.180Z
RDG-1004,MCH-103,52.583405539036974,2.373610245352361,1601,421.1214087172022,16.444571990135415,95,NORMAL,2026-07-21T16:13:53.604Z
RDG-1005,MCH-104,43.43481293876067,2.6530808225373788,1595,424.30908434591794,12.837342290539377,95,NORMAL,2026-07-21T19:50:14.443Z
RDG-1006,MCH-103,41.439637778065965,1.2412763974861654,1063,415.40627677756,17.930359077958542,95,NORMAL,2026-07-23T03:26:42.024Z
RDG-1007,MCH-101,59.57318997328685,2.3660196098888573,1747,423.08526556302525,19.796020767808965,95,NORMAL,2026-07-20T11:38:23.712Z
RDG-1008,MCH-102,50.41149692813271,2.5236369184799803,1003,423.8110485098541,10.638826910455956,95,NORMAL,2026-07-22T16:29:22.099Z
RDG-1009,MCH-104,43.54796535860418,1.7973206674029347,1274,405.7441852158384,12.677828233338994,95,NORMAL,2026-07-23T06:06:00.626Z
RDG-1010,MCH-102,47.56848568570659,2.9675172025768175,1672,413.22038965279285,13.57960341654895,95,NORMAL,2026-07-21T16:03:01.383Z
RDG-1011,MCH-104,51.35239291570191,1.1695525623351557,1528,406.63339420710395,13.735227352223731,95,NORMAL,2026-07-20T13:31:04.723Z
RDG-1012,MCH-102,58.76456168503389,2.133965093398306,1431,419.9508410553375,14.698993379073704,95,NORMAL,2026-07-20T15:07:29.624Z
RDG-1013,MCH-104,48.47878964806404,2.8518385211410724,1119,427.0871820682725,10.612723598315698,95,NORMAL,2026-07-22T21:13:29.796Z
RDG-1014,MCH-104,44.51573358059056,2.9659450102388543,1598,405.50072169155584,13.210597949528085,95,NORMAL,2026-07-20T16:36:40.820Z
RDG-1015,MCH-102,73.18195969497432,5.505271216980762,1342,419.97123304219724,11.231689268767745,65,WARNING,2026-07-21T02:54:07.979Z
RDG-1016,MCH-104,72.95655415364389,5.786207436377111,1112,408.34536266323073,18.63324969179157,65,WARNING,2026-07-21T01:34:39.222Z
RDG-1017,MCH-103,74.07328369361974,5.448768715784032,1775,420.3374453232808,19.56031874363928,65,WARNING,2026-07-23T05:02:18.119Z
RDG-1018,MCH-104,75.17110676009764,4.999479955234535,1236,421.14067152953345,17.85538579713808,65,WARNING,2026-07-22T12:34:17.854Z
RDG-1019,MCH-102,74.16863677629699,5.005542332675387,1386,412.2550460825839,14.817976243993474,65,WARNING,2026-07-20T23:32:08.280Z
RDG-1020,MCH-101,80.23014642652389,7.3533459359579485,1576,420.730930182992,11.066699117427776,30,CRITICAL,2026-07-20T23:27:33.300Z
RDG-1021,MCH-104,92.86437968242188,8.632306757946461,1528,415.57983934472037,17.31785129459675,30,CRITICAL,2026-07-21T19:09:01.066Z
RDG-1022,MCH-103,85.08201972816371,9.559082282579874,1001,412.48000016882247,10.941469011674808,30,CRITICAL,2026-07-19T22:04:49.825Z
RDG-1023,MCH-102,88.64793808668323,8.513195573768945,1169,413.8943291255954,11.212707012816242,30,CRITICAL,2026-07-23T06:38:03.159Z
RDG-1024,MCH-102,89.53185445155795,7.769555281510285,1322,400.64748595518284,18.347659963653523,30,CRITICAL,2026-07-20T17:30:51.014Z
RDG-1025,MCH-101,160,2,1170,426.3570121282163,18.258717083505523,10,FAULTY,2026-07-22T00:04:50.920Z
RDG-1026,MCH-103,-25,2,1657,418.5370000670833,18.592242707177995,10,FAULTY,2026-07-23T07:49:49.543Z
RDG-1027,MCH-101,40,-5,1443,424.9429291450302,12.373942611721278,10,FAULTY,2026-07-21T06:14:16.290Z
RDG-1028,MCH-103,40,120,1596,402.4794871246626,19.639921554823935,10,FAULTY,2026-07-22T16:32:29.057Z
RDG-1029,MCH-101,,,1241,415.74316469145015,11.449491894609032,0,MISSING,2026-07-23T09:50:05.651Z
RDG-1030,MCH-102,NaN,NaN,1430,410.9993086609992,15.888079715275435,0,MISSING,2026-07-21T20:32:32.296Z
RDG-1031,MCH-104,,,1712,420.69792926827256,17.293687955507277,0,MISSING,2026-07-22T02:22:27.224Z
RDG-1032,MCH-102,50.123,2.123,1692,414.85634523744324,16.011897598309186,40,STUCK,2026-07-22T17:36:37.884Z
RDG-1033,MCH-102,50.123,2.123,1764,412.91936810002295,12.832566286035181,40,STUCK,2026-07-22T22:27:44.027Z
RDG-1034,MCH-102,50.123,2.123,1720,422.3881682559131,11.655901013979214,40,STUCK,2026-07-21T21:26:23.750Z
RDG-1035,MCH-101,38.55951942357278,6.501336612677968,1416,420.98318265597055,11.89805749220396,72.66361173448496,NORMAL,2026-07-19T20:15:02.809Z
RDG-1036,MCH-101,59.345285256103274,8.322191790079593,1278,407.14179085348894,14.06848556304044,63.33490256824417,NORMAL,2026-07-20T01:21:45.654Z
RDG-1037,MCH-101,57.70582094444481,6.32813461438519,1182,407.44433174346784,16.57925805890857,73.48505303070382,NORMAL,2026-07-20T08:20:36.155Z
RDG-1038,MCH-101,22.027245875402514,7.490890713097073,1029,410.0004499094086,16.20860309455781,65.59473227397145,NORMAL,2026-07-20T01:21:31.134Z
RDG-1039,MCH-103,48.3682581885035,0.9519022103233254,1437,423.47055160074825,15.570235015514584,73.21366417231293,NORMAL,2026-07-21T06:01:10.069Z
RDG-1040,MCH-103,45,15.6,1236,417.2275618948174,14.720271380231987,90,WARNING,2026-07-20T11:04:31.861Z
RDG-1041,MCH-103,45,15.6,1147,418.4300734778459,13.408590429642945,90,WARNING,2026-07-21T10:07:20.207Z
RDG-1042,MCH-102,45,15.6,1137,409.6645858654356,10.509607137382043,90,WARNING,2026-07-21T06:44:13.771Z
RDG-1043,MCH-104,45,15.6,1355,417.3214771681765,13.976243174673597,90,WARNING,2026-07-20T23:56:35.134Z
RDG-1044,MCH-103,45,15.6,1257,420.91376411436465,12.825107166165743,90,WARNING,2026-07-23T00:47:41.615Z